request_id,http_code,time_total_seconds,curl_exit_code
baseline-ipv4-20260927T033613Z-1,201,0.081927,0
baseline-ipv4-20260927T033613Z-2,201,0.081657,0
baseline-ipv4-20260927T033613Z-3,201,0.084452,0
baseline-ipv4-20260927T033613Z-4,201,0.081908,0
baseline-ipv4-20260927T033613Z-5,201,0.082584,0
baseline-ipv4-20260927T033613Z-6,201,0.082813,0
baseline-ipv4-20260927T033613Z-7,201,0.081682,0
baseline-ipv4-20260927T033613Z-8,201,0.083538,0
baseline-ipv4-20260927T033613Z-9,201,0.082785,0
baseline-ipv4-20260927T033613Z-10,201,0.082408,0
baseline-ipv4-20260927T033613Z-11,201,0.081769,0
baseline-ipv4-20260927T033613Z-12,201,0.084031,0
baseline-ipv4-20260927T033613Z-13,201,0.082196,0
baseline-ipv4-20260927T033613Z-14,201,0.084046,0
baseline-ipv4-20260927T033613Z-15,201,0.082922,0
baseline-ipv4-20260927T033613Z-16,201,0.082055,0
baseline-ipv4-20260927T033613Z-17,201,0.084295,0
baseline-ipv4-20260927T033613Z-18,201,0.082403,0
baseline-ipv4-20260927T033613Z-19,201,0.081208,0
baseline-ipv4-20260927T033613Z-20,201,0.082169,0
baseline-ipv4-20260927T033613Z-21,201,0.082113,0
baseline-ipv4-20260927T033613Z-22,201,0.081652,0
baseline-ipv4-20260927T033613Z-23,201,0.084293,0
baseline-ipv4-20260927T033613Z-24,201,0.083575,0
baseline-ipv4-20260927T033613Z-25,201,0.081952,0
baseline-ipv4-20260927T033613Z-26,201,0.082459,0
baseline-ipv4-20260927T033613Z-27,201,0.083483,0
baseline-ipv4-20260927T033613Z-28,201,0.082689,0
baseline-ipv4-20260927T033613Z-29,201,0.081801,0
baseline-ipv4-20260927T033613Z-30,201,0.081920,0
baseline-ipv4-20260927T033613Z-31,201,0.082439,0
baseline-ipv4-20260927T033613Z-32,201,0.082619,0
baseline-ipv4-20260927T033613Z-33,201,0.081697,0
baseline-ipv4-20260927T033613Z-34,201,0.081292,0
baseline-ipv4-20260927T033613Z-35,201,0.083817,0
baseline-ipv4-20260927T033613Z-36,201,0.081421,0
baseline-ipv4-20260927T033613Z-37,201,0.081565,0
baseline-ipv4-20260927T033613Z-38,201,0.084136,0
baseline-ipv4-20260927T033613Z-39,201,0.082350,0
baseline-ipv4-20260927T033613Z-40,201,0.084196,0
baseline-ipv4-20260927T033613Z-41,201,0.081416,0
baseline-ipv4-20260927T033613Z-42,201,0.083982,0
baseline-ipv4-20260927T033613Z-43,201,0.084116,0
baseline-ipv4-20260927T033613Z-44,201,0.084371,0
baseline-ipv4-20260927T033613Z-45,201,0.082766,0
baseline-ipv4-20260927T033613Z-46,201,0.084087,0
baseline-ipv4-20260927T033613Z-47,201,0.081958,0
baseline-ipv4-20260927T033613Z-48,201,0.081954,0
baseline-ipv4-20260927T033613Z-49,201,0.084321,0
baseline-ipv4-20260927T033613Z-50,201,0.082824,0
baseline-ipv4-20260927T033613Z-51,201,0.081844,0
baseline-ipv4-20260927T033613Z-52,201,0.081774,0
baseline-ipv4-20260927T033613Z-53,201,0.084373,0
baseline-ipv4-20260927T033613Z-54,201,0.082499,0
baseline-ipv4-20260927T033613Z-55,201,0.083306,0
baseline-ipv4-20260927T033613Z-56,201,0.082005,0
baseline-ipv4-20260927T033613Z-57,201,0.081932,0
baseline-ipv4-20260927T033613Z-58,201,0.081507,0
baseline-ipv4-20260927T033613Z-59,201,0.082597,0
baseline-ipv4-20260927T033613Z-60,201,0.081665,0
baseline-ipv4-20260927T033613Z-61,201,0.082012,0
baseline-ipv4-20260927T033613Z-62,201,0.081998,0
baseline-ipv4-20260927T033613Z-63,201,0.081802,0
baseline-ipv4-20260927T033613Z-64,201,0.082446,0
baseline-ipv4-20260927T033613Z-65,201,0.081990,0
baseline-ipv4-20260927T033613Z-66,201,0.081624,0
baseline-ipv4-20260927T033613Z-67,201,0.084062,0
baseline-ipv4-20260927T033613Z-68,201,0.082923,0
baseline-ipv4-20260927T033613Z-69,201,0.081505,0
baseline-ipv4-20260927T033613Z-70,201,0.081685,0
baseline-ipv4-20260927T033613Z-71,201,0.081785,0
baseline-ipv4-20260927T033613Z-72,201,0.081594,0
baseline-ipv4-20260927T033613Z-73,201,0.083790,0
baseline-ipv4-20260927T033613Z-74,201,0.083754,0
baseline-ipv4-20260927T033613Z-75,201,0.081684,0
baseline-ipv4-20260927T033613Z-76,201,0.084105,0
baseline-ipv4-20260927T033613Z-77,201,0.084214,0
baseline-ipv4-20260927T033613Z-78,201,0.082573,0
baseline-ipv4-20260927T033613Z-79,201,0.082703,0
baseline-ipv4-20260927T033613Z-80,201,0.081561,0
baseline-ipv4-20260927T033613Z-81,201,0.090775,0
baseline-ipv4-20260927T033613Z-82,201,0.082553,0
baseline-ipv4-20260927T033613Z-83,201,0.081955,0
baseline-ipv4-20260927T033613Z-84,201,0.082107,0
baseline-ipv4-20260927T033613Z-85,201,0.081786,0
baseline-ipv4-20260927T033613Z-86,201,0.081660,0
baseline-ipv4-20260927T033613Z-87,201,0.084056,0
baseline-ipv4-20260927T033613Z-88,201,0.084097,0
baseline-ipv4-20260927T033613Z-89,201,0.082463,0
baseline-ipv4-20260927T033613Z-90,201,0.081598,0
baseline-ipv4-20260927T033613Z-91,201,0.081912,0
baseline-ipv4-20260927T033613Z-92,201,0.082323,0
baseline-ipv4-20260927T033613Z-93,201,0.081721,0
baseline-ipv4-20260927T033613Z-94,201,0.083880,0
baseline-ipv4-20260927T033613Z-95,201,0.081830,0
baseline-ipv4-20260927T033613Z-96,201,0.081688,0
baseline-ipv4-20260927T033613Z-97,201,0.082987,0
baseline-ipv4-20260927T033613Z-98,201,0.082662,0
baseline-ipv4-20260927T033613Z-99,201,0.082000,0
baseline-ipv4-20260927T033613Z-100,201,0.084084,0
baseline-ipv4-20260927T033613Z-101,201,0.084251,0
baseline-ipv4-20260927T033613Z-102,201,0.083276,0
baseline-ipv4-20260927T033613Z-103,201,0.081768,0
baseline-ipv4-20260927T033613Z-104,201,0.081661,0
baseline-ipv4-20260927T033613Z-105,201,0.081764,0
baseline-ipv4-20260927T033613Z-106,201,0.081609,0
baseline-ipv4-20260927T033613Z-107,201,0.082627,0
baseline-ipv4-20260927T033613Z-108,201,0.081466,0
baseline-ipv4-20260927T033613Z-109,201,0.084157,0
baseline-ipv4-20260927T033613Z-110,201,0.081678,0
baseline-ipv4-20260927T033613Z-111,201,0.081638,0
baseline-ipv4-20260927T033613Z-112,201,0.082664,0
baseline-ipv4-20260927T033613Z-113,201,0.083608,0
baseline-ipv4-20260927T033613Z-114,201,0.082254,0
baseline-ipv4-20260927T033613Z-115,201,0.082706,0
baseline-ipv4-20260927T033613Z-116,201,0.083190,0
baseline-ipv4-20260927T033613Z-117,201,0.084020,0
baseline-ipv4-20260927T033613Z-118,201,0.083339,0
baseline-ipv4-20260927T033613Z-119,201,0.083658,0
baseline-ipv4-20260927T033613Z-120,201,0.081873,0
baseline-ipv4-20260927T033613Z-121,201,0.081679,0
baseline-ipv4-20260927T033613Z-122,201,0.083168,0
baseline-ipv4-20260927T033613Z-123,201,0.081949,0
baseline-ipv4-20260927T033613Z-124,201,0.084125,0
baseline-ipv4-20260927T033613Z-125,201,0.081649,0
baseline-ipv4-20260927T033613Z-126,201,0.081696,0
baseline-ipv4-20260927T033613Z-127,201,0.081512,0
baseline-ipv4-20260927T033613Z-128,201,0.083665,0
baseline-ipv4-20260927T033613Z-129,201,0.082756,0
baseline-ipv4-20260927T033613Z-130,201,0.081942,0
baseline-ipv4-20260927T033613Z-131,201,0.081355,0
baseline-ipv4-20260927T033613Z-132,201,0.082000,0
baseline-ipv4-20260927T033613Z-133,201,0.082046,0
baseline-ipv4-20260927T033613Z-134,201,0.084007,0
baseline-ipv4-20260927T033613Z-135,201,0.082100,0
baseline-ipv4-20260927T033613Z-136,201,0.083215,0
baseline-ipv4-20260927T033613Z-137,201,0.081531,0
baseline-ipv4-20260927T033613Z-138,201,0.095728,0
baseline-ipv4-20260927T033613Z-139,201,0.084202,0
baseline-ipv4-20260927T033613Z-140,201,0.081227,0
baseline-ipv4-20260927T033613Z-141,201,0.081222,0
baseline-ipv4-20260927T033613Z-142,201,0.096818,0
baseline-ipv4-20260927T033613Z-143,201,0.081514,0
baseline-ipv4-20260927T033613Z-144,201,0.082322,0
baseline-ipv4-20260927T033613Z-145,201,0.081942,0
baseline-ipv4-20260927T033613Z-146,201,0.081442,0
baseline-ipv4-20260927T033613Z-147,201,0.082544,0
baseline-ipv4-20260927T033613Z-148,201,0.081977,0
baseline-ipv4-20260927T033613Z-149,201,0.083640,0
baseline-ipv4-20260927T033613Z-150,201,0.084201,0
baseline-ipv4-20260927T033613Z-151,201,0.082966,0
baseline-ipv4-20260927T033613Z-152,201,0.084164,0
baseline-ipv4-20260927T033613Z-153,201,0.081861,0
baseline-ipv4-20260927T033613Z-154,201,0.083138,0
baseline-ipv4-20260927T033613Z-155,201,0.082443,0
baseline-ipv4-20260927T033613Z-156,201,0.082637,0
baseline-ipv4-20260927T033613Z-157,201,0.082602,0
baseline-ipv4-20260927T033613Z-158,201,0.083664,0
baseline-ipv4-20260927T033613Z-159,201,0.081750,0
baseline-ipv4-20260927T033613Z-160,201,0.081998,0
baseline-ipv4-20260927T033613Z-161,201,0.081866,0
baseline-ipv4-20260927T033613Z-162,201,0.083849,0
baseline-ipv4-20260927T033613Z-163,201,0.084240,0
baseline-ipv4-20260927T033613Z-164,201,0.081594,0
baseline-ipv4-20260927T033613Z-165,201,0.081600,0
baseline-ipv4-20260927T033613Z-166,201,0.082347,0
baseline-ipv4-20260927T033613Z-167,201,0.084052,0
baseline-ipv4-20260927T033613Z-168,201,0.083128,0
baseline-ipv4-20260927T033613Z-169,201,0.081505,0
baseline-ipv4-20260927T033613Z-170,201,0.081599,0
baseline-ipv4-20260927T033613Z-171,201,0.082733,0
baseline-ipv4-20260927T033613Z-172,201,0.081827,0
baseline-ipv4-20260927T033613Z-173,201,0.081416,0
baseline-ipv4-20260927T033613Z-174,201,0.081645,0
baseline-ipv4-20260927T033613Z-175,201,0.081817,0
baseline-ipv4-20260927T033613Z-176,201,0.081483,0
baseline-ipv4-20260927T033613Z-177,201,0.083632,0
baseline-ipv4-20260927T033613Z-178,201,0.082307,0
baseline-ipv4-20260927T033613Z-179,201,0.082011,0
baseline-ipv4-20260927T033613Z-180,201,0.082184,0
baseline-ipv4-20260927T033613Z-181,201,0.081231,0
baseline-ipv4-20260927T033613Z-182,201,0.082650,0
baseline-ipv4-20260927T033613Z-183,201,0.082656,0
baseline-ipv4-20260927T033613Z-184,201,0.081829,0
baseline-ipv4-20260927T033613Z-185,201,0.082535,0
baseline-ipv4-20260927T033613Z-186,201,0.082013,0
baseline-ipv4-20260927T033613Z-187,201,0.081853,0
baseline-ipv4-20260927T033613Z-188,201,0.083232,0
baseline-ipv4-20260927T033613Z-189,201,0.082796,0
baseline-ipv4-20260927T033613Z-190,201,0.081340,0
baseline-ipv4-20260927T033613Z-191,201,0.081981,0
baseline-ipv4-20260927T033613Z-192,201,0.081715,0
baseline-ipv4-20260927T033613Z-193,201,0.083313,0
baseline-ipv4-20260927T033613Z-194,201,0.082060,0
baseline-ipv4-20260927T033613Z-195,201,0.082809,0
baseline-ipv4-20260927T033613Z-196,201,0.082397,0
baseline-ipv4-20260927T033613Z-197,201,0.082479,0
baseline-ipv4-20260927T033613Z-198,201,0.081797,0
baseline-ipv4-20260927T033613Z-199,201,0.081685,0
baseline-ipv4-20260927T033613Z-200,201,0.081730,0
baseline-ipv4-20260927T033613Z-201,201,0.081796,0
baseline-ipv4-20260927T033613Z-202,201,0.084362,0
baseline-ipv4-20260927T033613Z-203,201,0.082328,0
baseline-ipv4-20260927T033613Z-204,201,0.081587,0
baseline-ipv4-20260927T033613Z-205,201,0.083829,0
baseline-ipv4-20260927T033613Z-206,201,0.082048,0
baseline-ipv4-20260927T033613Z-207,201,0.084241,0
baseline-ipv4-20260927T033613Z-208,201,0.082912,0
baseline-ipv4-20260927T033613Z-209,201,0.082014,0
baseline-ipv4-20260927T033613Z-210,201,0.082043,0
baseline-ipv4-20260927T033613Z-211,201,0.084087,0
baseline-ipv4-20260927T033613Z-212,201,0.082261,0
baseline-ipv4-20260927T033613Z-213,201,0.081577,0
baseline-ipv4-20260927T033613Z-214,201,0.081693,0
baseline-ipv4-20260927T033613Z-215,201,0.081677,0
baseline-ipv4-20260927T033613Z-216,201,0.081905,0
baseline-ipv4-20260927T033613Z-217,201,0.081954,0
baseline-ipv4-20260927T033613Z-218,201,0.081681,0
baseline-ipv4-20260927T033613Z-219,201,0.082006,0
baseline-ipv4-20260927T033613Z-220,201,0.081747,0
baseline-ipv4-20260927T033613Z-221,201,0.081592,0
baseline-ipv4-20260927T033613Z-222,201,0.082370,0
baseline-ipv4-20260927T033613Z-223,201,0.082533,0
baseline-ipv4-20260927T033613Z-224,201,0.082106,0
baseline-ipv4-20260927T033613Z-225,201,0.081588,0
baseline-ipv4-20260927T033613Z-226,201,0.082241,0
baseline-ipv4-20260927T033613Z-227,201,0.081511,0
baseline-ipv4-20260927T033613Z-228,201,0.081954,0
baseline-ipv4-20260927T033613Z-229,201,0.082154,0
baseline-ipv4-20260927T033613Z-230,201,0.084108,0
baseline-ipv4-20260927T033613Z-231,201,0.081779,0
baseline-ipv4-20260927T033613Z-232,201,0.084064,0
